,intraclashes_energy_1_wt,intraclashes_energy_2_wt,dg_wt,backbone_hbond_wt,sidechain_hbond_wt,van_der_waals_wt,electrostatics_wt,solvation_polar_wt,solvation_hydrophobic_wt,van_der_waals_clashes_wt,entropy_sidechain_wt,entropy_mainchain_wt,sloop_entropy_wt,mloop_entropy_wt,cis_bond_wt,torsional_clash_wt,backbone_clash_wt,helix_dipole_wt,water_bridge_wt,disulfide_wt,electrostatic_kon_wt,partial_covalent_bonds_wt,energy_ionisation_wt,entropy_complex_wt,number_of_residues,interface_residues_wt,interface_residues_clashing_wt,interface_residues_vdw_clashing_wt,interface_residues_bb_clashing_wt
1AHW_Repair.pdb,108.051,51.966,-17.9423,-9.174710000000001,-14.9653,-18.5799,-3.68669,31.3169,-20.7733,4.1963099999999995,9.77768,4.0387699999999995,0.0,0.0,-4.4408900000000007e-16,0.837957,3.3360800000000004,0.0,0.0,3.5527099999999997e-15,-0.971036,0.0,0.0410655,2.384,1272.0,53.0,0.0,0.0,0.0
1DVF_Repair.pdb,31.1138,32.5842,-16.164,-3.5025199999999996,-11.3361,-13.9562,-2.96055,22.4091,-14.6385,0.7785479999999999,3.7989900000000003,3.8554800000000005,0.0,0.0,0.0,0.279852,2.17542,0.0,0.0,1.77636e-15,-0.9353739999999999,0.0,0.043188599999999994,2.384,451.0,44.0,0.0,0.0,0.0
1JRH_Repair.pdb,45.5559,12.9888,-18.4726,-7.00132,-8.97966,-15.4125,-3.6821699999999997,22.6084,-17.8197,1.3409,7.33902,2.9241,0.0,0.0,0.0,0.8220350000000001,2.49431,0.0,0.0,-4.4408900000000007e-16,-0.698254,0.0,0.0866449,2.384,532.0,36.0,0.0,0.0,0.0
1VFB_Repair.pdb,12.9758,9.124310000000001,-13.5769,-4.13665,-12.4924,-11.8681,-1.40411,20.0001,-12.4299,1.4662899999999999,4.12293,2.9855400000000003,0.0,0.0,0.0,0.0929846,2.0206,-0.0690558,0.0,3.5527099999999997e-15,0.136581,0.0,0.0189795,2.384,352.0,35.0,0.0,0.0,0.0
3HFM_Repair.pdb,147.036,36.7151,-2.739,-2.833,-8.40276,-15.6018,-0.382623,24.8195,-15.8753,2.6673,6.4298,5.37141,0.0,0.0,0.0,1.5502,6.58095,0.0,0.0,8.88178e-15,-0.481706,0.0,-4.16334e-17,2.384,558.0,38.0,1.0,0.0,1.0
